--
-- PostgreSQL database dump
--

-- Dumped from database version 14.1
-- Dumped by pg_dump version 14.1

-- Started on 2022-06-22 17:31:42

SET statement_timeout = 0;
SET lock_timeout = 0;
SET idle_in_transaction_session_timeout = 0;
SET client_encoding = 'UTF8';
SET standard_conforming_strings = on;
SELECT pg_catalog.set_config('search_path', '', false);
SET check_function_bodies = false;
SET xmloption = content;
SET client_min_messages = warning;
SET row_security = off;

SET default_tablespace = '';

SET default_table_access_method = heap;

--
-- TOC entry 209 (class 1259 OID 16536)
-- Name: dim_consumo_sec; Type: TABLE; Schema: public; Owner: postgres
--

CREATE TABLE public.dim_consumo_sec (
    sk_consumo_sec integer NOT NULL,
    pk_consumo_sec character varying(1),
    materia_prima_utilizada double precision,
    suministros_herramientas_materiales_repuestos double precision,
    gastos_operacionales double precision,
    otros_gastos_operacionales double precision,
    valido_desde date,
    valido_hasta date,
    version integer
);


ALTER TABLE public.dim_consumo_sec OWNER TO postgres;

--
-- TOC entry 210 (class 1259 OID 16539)
-- Name: dim_electricidad_sec; Type: TABLE; Schema: public; Owner: postgres
--

CREATE TABLE public.dim_electricidad_sec (
    sk_electricidad_sec integer NOT NULL,
    pk_electricidad_sec character varying(1),
    valor_energia_electrica_producida_consumida double precision,
    valor_energia_electrica_comprada_red_publica double precision,
    cantidad_energia_electrica_producida_consumida double precision,
    cantidad_energia_electrica_comprada_red_publica double precision,
    valido_desde date,
    valido_hasta date,
    version integer
);


ALTER TABLE public.dim_electricidad_sec OWNER TO postgres;

--
-- TOC entry 211 (class 1259 OID 16542)
-- Name: dim_empresas_sec; Type: TABLE; Schema: public; Owner: postgres
--

CREATE TABLE public.dim_empresas_sec (
    sk_empresas_sec integer NOT NULL,
    pk_empresas_sec character varying(1),
    numero_empresas double precision,
    remuneraciones double precision,
    valor_agregado double precision,
    depreciaciones double precision,
    valido_desde date,
    valido_hasta date,
    version integer
);


ALTER TABLE public.dim_empresas_sec OWNER TO postgres;

--
-- TOC entry 212 (class 1259 OID 16545)
-- Name: dim_personal_sec; Type: TABLE; Schema: public; Owner: postgres
--

CREATE TABLE public.dim_personal_sec (
    sk_personal_sec integer NOT NULL,
    pk_personal_sec character varying(1),
    total_hombres double precision,
    total_mujeres double precision,
    total_horas_noviembre double precision,
    total_sueldo_noviembre_hombres double precision,
    total_sueldo_noviembre_mujeres double precision,
    valido_desde date,
    valido_hasta date,
    version integer
);


ALTER TABLE public.dim_personal_sec OWNER TO postgres;

--
-- TOC entry 213 (class 1259 OID 16548)
-- Name: dim_produccion_sec; Type: TABLE; Schema: public; Owner: postgres
--

CREATE TABLE public.dim_produccion_sec (
    sk_produccion_sec integer NOT NULL,
    pk_produccion_sec character varying(1),
    produccion_total double precision,
    ventas_netas_de_bienes_producidos double precision,
    venta_de_bienes_comercializados double precision,
    ventas_netas_de_servicios double precision,
    compras_netas_de_mercaderias double precision,
    variacion_de_existencias_de_articulos_para_venta double precision,
    valido_desde date,
    valido_hasta date,
    version integer
);


ALTER TABLE public.dim_produccion_sec OWNER TO postgres;

--
-- TOC entry 214 (class 1259 OID 16551)
-- Name: dim_relacion_sec; Type: TABLE; Schema: public; Owner: postgres
--

CREATE TABLE public.dim_relacion_sec (
    sk_relacion_sec integer NOT NULL,
    pk_relacion_sec character varying(1),
    produccion_por_persona_ocupada double precision,
    produccion_por_hora_trabajada double precision,
    valoragregado_por_persona_ocupada double precision,
    valoragregado_por_hora_trabajada double precision,
    intensidad_uso_energia double precision,
    valido_desde date,
    valido_hasta date,
    version integer
);


ALTER TABLE public.dim_relacion_sec OWNER TO postgres;

--
-- TOC entry 215 (class 1259 OID 16554)
-- Name: dim_remuneraciones_sec; Type: TABLE; Schema: public; Owner: postgres
--

CREATE TABLE public.dim_remuneraciones_sec (
    sk_remuneraciones_sec integer NOT NULL,
    pk_remuneraciones_sec character varying(1),
    total_gasto_sueldos_remuneraciones_iess double precision,
    total_gasto_beneficiossociales_indemnizaciones_remuneraciones_i double precision,
    otras_remuneraciones double precision,
    valido_desde date,
    valido_hasta date,
    version integer
);


ALTER TABLE public.dim_remuneraciones_sec OWNER TO postgres;

--
-- TOC entry 216 (class 1259 OID 16557)
-- Name: dim_seccion; Type: TABLE; Schema: public; Owner: postgres
--

CREATE TABLE public.dim_seccion (
    sk_seccion integer NOT NULL,
    pk_seccion character varying(1),
    descripcion_seccion character varying(100),
    valido_desde date,
    valido_hasta date,
    version integer
);


ALTER TABLE public.dim_seccion OWNER TO postgres;

--
-- TOC entry 217 (class 1259 OID 16560)
-- Name: fact_recopilatorio_inec; Type: TABLE; Schema: public; Owner: postgres
--

CREATE TABLE public.fact_recopilatorio_inec (
    sk_seccion integer NOT NULL,
    sk_empresas_sec integer NOT NULL,
    sk_personal_sec integer NOT NULL,
    sk_remuneraciones_sec integer NOT NULL,
    sk_produccion_sec integer NOT NULL,
    sk_consumo_sec integer NOT NULL,
    sk_electricidad_sec integer NOT NULL,
    sk_relacion_sec integer NOT NULL,
    produccion_total double precision,
    total_sueldos_noviembre double precision,
    total_gasto_aporte_seguridadsocial double precision,
    total_construcciones_activos_fijos_cuenta_propia double precision,
    total_insumos double precision,
    valor_total_energia_electrica double precision
);


ALTER TABLE public.fact_recopilatorio_inec OWNER TO postgres;

--
-- TOC entry 3360 (class 0 OID 16536)
-- Dependencies: 209
-- Data for Name: dim_consumo_sec; Type: TABLE DATA; Schema: public; Owner: postgres
--

COPY public.dim_consumo_sec (sk_consumo_sec, pk_consumo_sec, materia_prima_utilizada, suministros_herramientas_materiales_repuestos, gastos_operacionales, otros_gastos_operacionales, valido_desde, valido_hasta, version) FROM stdin;
1	B	3999421.2586641177	549192524.0163658	644562848.6220781	3740578128.7449594	2016-01-01	2018-12-31	1
2	C	14487737849.057007	5570131806.255319	4155392252.074791	2917701506.706983	2016-01-01	2018-12-31	1
3	D	4277017.749999998	946830632.0277778	383835284.6111111	362665350.2777778	2016-01-01	2018-12-31	1
4	E	910654.1111111117	71878813.10927355	135464283.5048389	201149567.91694233	2016-01-01	2018-12-31	1
5	F	633127619.3201185	1096340645.3318741	410420106.5106392	1214627492.9633	2016-01-01	2018-12-31	1
6	G	227709169.6923701	502852180.58668345	3277389900.2960243	3172779011.369156	2016-01-01	2018-12-31	1
7	H	0	143729593.20463893	1747428799.1131656	1927907140.2066376	2016-01-01	2018-12-31	1
8	I	275137402.25108176	356023050.16526055	253684408.78152263	203274426.60918346	2016-01-01	2018-12-31	1
9	J	0	316878024.5258966	786407305.7940477	1670991886.81135	2016-01-01	2018-12-31	1
10	K	0	10913271.178403756	996893472.8169014	1561845526.2816901	2016-01-01	2018-12-31	1
11	L	17463117.692307685	143990546.85096177	93931474.98701358	346836428.448694	2016-01-01	2018-12-31	1
12	M	16267591.798289169	470513382.42373294	380683637.566074	665958508.5489106	2016-01-01	2018-12-31	1
13	N	0	95158938.3102337	266760395.68688723	435842574.55954504	2016-01-01	2018-12-31	1
14	P	0	43687982.85266944	352419528.57870436	258511732.27728692	2016-01-01	2018-12-31	1
15	Q	628340	594192154.0816652	348697218.2946176	342676906.18644893	2016-01-01	2018-12-31	1
16	R	1681505.6340829702	25820258.66637352	63742265.12165903	105017127.26999912	2016-01-01	2018-12-31	1
17	S	6021803.31034483	26818490.459647845	32380511.408779677	50903601.35791149	2016-01-01	2018-12-31	1
0	\N	\N	\N	\N	\N	\N	\N	1
18	B	3999421.25866412	549192524.016366	644562848.622078	3740578128.74496	2016-01-01	2018-12-31	1
19	C	14487737849.057	5570131806.25532	4155392252.07479	2917701506.70698	2016-01-01	2018-12-31	1
20	D	4277017.75	946830632.027778	383835284.611111	362665350.277778	2016-01-01	2018-12-31	1
21	E	910654.111111112	71878813.1092736	135464283.504839	201149567.916942	2016-01-01	2018-12-31	1
22	F	633127619.320119	1096340645.33187	410420106.510639	1214627492.9633	2016-01-01	2018-12-31	1
23	G	227709169.69237	502852180.586683	3277389900.29602	3172779011.36916	2016-01-01	2018-12-31	1
24	H	0	143729593.204639	1747428799.11317	1927907140.20664	2016-01-01	2018-12-31	1
25	I	275137402.251082	356023050.165261	253684408.781523	203274426.609183	2016-01-01	2018-12-31	1
26	J	0	316878024.525897	786407305.794048	1670991886.81135	2016-01-01	2018-12-31	1
27	K	0	10913271.1784038	996893472.816901	1561845526.28169	2016-01-01	2018-12-31	1
28	L	17463117.6923077	143990546.850962	93931474.9870136	346836428.448694	2016-01-01	2018-12-31	1
29	M	16267591.7982892	470513382.423733	380683637.566074	665958508.548911	2016-01-01	2018-12-31	1
30	N	0	95158938.3102337	266760395.686887	435842574.559545	2016-01-01	2018-12-31	1
31	P	0	43687982.8526694	352419528.578704	258511732.277287	2016-01-01	2018-12-31	1
32	Q	628340	594192154.081665	348697218.294618	342676906.186449	2016-01-01	2018-12-31	1
33	R	1681505.63408297	25820258.6663735	63742265.121659	105017127.269999	2016-01-01	2018-12-31	1
34	S	6021803.31034483	26818490.4596478	32380511.4087797	50903601.3579115	2016-01-01	2018-12-31	1
35	B	3999421.25866412	549192524.016366	644562848.622078	3740578128.74496	2016-01-01	2018-12-31	1
36	C	14487737849.057	5570131806.25532	4155392252.07479	2917701506.70698	2016-01-01	2018-12-31	1
37	D	4277017.75	946830632.027778	383835284.611111	362665350.277778	2016-01-01	2018-12-31	1
38	E	910654.111111112	71878813.1092736	135464283.504839	201149567.916942	2016-01-01	2018-12-31	1
39	F	633127619.320119	1096340645.33187	410420106.510639	1214627492.9633	2016-01-01	2018-12-31	1
40	G	227709169.69237	502852180.586683	3277389900.29602	3172779011.36916	2016-01-01	2018-12-31	1
41	H	0	143729593.204639	1747428799.11317	1927907140.20664	2016-01-01	2018-12-31	1
42	I	275137402.251082	356023050.165261	253684408.781523	203274426.609183	2016-01-01	2018-12-31	1
43	J	0	316878024.525897	786407305.794048	1670991886.81135	2016-01-01	2018-12-31	1
44	K	0	10913271.1784038	996893472.816901	1561845526.28169	2016-01-01	2018-12-31	1
45	L	17463117.6923077	143990546.850962	93931474.9870136	346836428.448694	2016-01-01	2018-12-31	1
46	M	16267591.7982892	470513382.423733	380683637.566074	665958508.548911	2016-01-01	2018-12-31	1
47	N	0	95158938.3102337	266760395.686887	435842574.559545	2016-01-01	2018-12-31	1
48	P	0	43687982.8526694	352419528.578704	258511732.277287	2016-01-01	2018-12-31	1
49	Q	628340	594192154.081665	63742265.121659	342676906.186449	2016-01-01	2018-12-31	1
50	R	1681505.63408297	25820258.6663735	63742265.121659	105017127.269999	2016-01-01	2018-12-31	1
51	S	6021803.31034483	26818490.4596478	32380511.4087797	50903601.3579115	2016-01-01	2018-12-31	1
52	B	3999421.25866412	549192524.016366	644562848.622078	3740578128.74496	2016-01-01	2018-12-31	1
53	C	14487737849.057	5570131806.25532	4155392252.07479	2917701506.70698	2016-01-01	2018-12-31	1
54	D	4277017.75	946830632.027778	383835284.611111	362665350.277778	2016-01-01	2018-12-31	1
55	E	910654.111111112	71878813.1092736	135464283.504839	201149567.916942	2016-01-01	2018-12-31	1
56	F	633127619.320119	1096340645.33187	410420106.510639	1214627492.9633	2016-01-01	2018-12-31	1
57	G	227709169.69237	502852180.586683	3277389900.29602	3172779011.36916	2016-01-01	2018-12-31	1
58	H	0	143729593.204639	1747428799.11317	1927907140.20664	2016-01-01	2018-12-31	1
59	I	275137402.251082	356023050.165261	253684408.781523	203274426.609183	2016-01-01	2018-12-31	1
60	J	0	316878024.525897	786407305.794048	1670991886.81135	2016-01-01	2018-12-31	1
61	K	0	10913271.1784038	996893472.816901	1561845526.28169	2016-01-01	2018-12-31	1
62	L	17463117.6923077	143990546.850962	93931474.9870136	346836428.448694	2016-01-01	2018-12-31	1
63	M	16267591.7982892	470513382.423733	380683637.566074	665958508.548911	2016-01-01	2018-12-31	1
64	N	0	95158938.3102337	266760395.686887	435842574.559545	2016-01-01	2018-12-31	1
65	P	0	43687982.8526694	352419528.578704	258511732.277287	2016-01-01	2018-12-31	1
66	Q	628340	594192154.081665	348697218.294618	342676906.186449	2016-01-01	2018-12-31	1
67	R	1681505.63408297	25820258.6663735	63742265.121659	105017127.269999	2016-01-01	2018-12-31	1
68	S	6021803.31034483	26818490.4596478	32380511.4087797	50903601.3579115	2016-01-01	2018-12-31	1
\.


--
-- TOC entry 3361 (class 0 OID 16539)
-- Dependencies: 210
-- Data for Name: dim_electricidad_sec; Type: TABLE DATA; Schema: public; Owner: postgres
--

COPY public.dim_electricidad_sec (sk_electricidad_sec, pk_electricidad_sec, valor_energia_electrica_producida_consumida, valor_energia_electrica_comprada_red_publica, cantidad_energia_electrica_producida_consumida, cantidad_energia_electrica_comprada_red_publica, valido_desde, valido_hasta, version) FROM stdin;
1	B	349817475.7358548	34874989.35521238	3600754256.404959	441675920.9375806	2016-01-01	2018-12-31	1
2	C	52939756.06238439	330000927.91455656	556574012.721283	3827150784.8741965	2016-01-01	2018-12-31	1
3	D	2040598.3069635194	5631721.027777775	21833913	57077995.13888887	2016-01-01	2018-12-31	1
4	E	337664.92805914517	16167381.211319368	78863642	260245601.94720078	2016-01-01	2018-12-31	1
5	F	28393	6613965.918322825	63250	60819219.53305375	2016-01-01	2018-12-31	1
6	G	10130073.625520473	88334794.78921269	130873550.7490446	898808262.4813415	2016-01-01	2018-12-31	1
7	H	4489312.982770216	23677413.97451853	21690648.931080863	230374596.06891096	2016-01-01	2018-12-31	1
8	I	12475.32201276311	21832418.098254226	37043.10525929719	234087673.1375338	2016-01-01	2018-12-31	1
9	J	10930	36791757.59148464	54896	294860261.83502	2016-01-01	2018-12-31	1
10	K	0	1399066.4272300468	0	11238045.220657276	2016-01-01	2018-12-31	1
11	L	4251	6537880.256464953	4400	57168602.138954744	2016-01-01	2018-12-31	1
12	M	120165	4818074.977185024	2343598	42490689.48780518	2016-01-01	2018-12-31	1
13	N	747109	3429647.085014105	2298765	35621434.03126181	2016-01-01	2018-12-31	1
14	P	4946.82982791587	12179493.282824373	335897.4722753346	105134449.13446972	2016-01-01	2018-12-31	1
15	Q	23914.836143093555	12140049.368942324	295927.10201876017	115872397.93206358	2016-01-01	2018-12-31	1
16	R	3500.9445585215517	2947764.6602437855	4862.4229979466	27098839.383607365	2016-01-01	2018-12-31	1
17	S	120	1971592.5244558582	350	14493780.444362931	2016-01-01	2018-12-31	1
0	\N	\N	\N	\N	\N	\N	\N	1
18	B	349817475.735855	34874989.3552124	3600754256.40496	441675920.937581	2016-01-01	2018-12-31	1
19	C	52939756.0623844	330000927.914557	556574012.721283	3827150784.8742	2016-01-01	2018-12-31	1
20	D	2040598.30696352	5631721.02777778	21833913	57077995.1388889	2016-01-01	2018-12-31	1
21	E	337664.928059145	16167381.2113194	78863642	260245601.947201	2016-01-01	2018-12-31	1
22	F	28393	6613965.91832282	63250	60819219.5330537	2016-01-01	2018-12-31	1
23	G	10130073.6255205	88334794.7892127	130873550.749045	898808262.481341	2016-01-01	2018-12-31	1
24	H	4489312.98277022	23677413.9745185	21690648.9310809	230374596.068911	2016-01-01	2018-12-31	1
25	I	12475.3220127631	21832418.0982542	37043.1052592972	234087673.137534	2016-01-01	2018-12-31	1
26	J	10930	36791757.5914846	54896	294860261.83502	2016-01-01	2018-12-31	1
27	K	0	1399066.42723005	0	11238045.2206573	2016-01-01	2018-12-31	1
28	L	4251	6537880.25646495	4400	57168602.1389547	2016-01-01	2018-12-31	1
29	M	120165	4818074.97718502	2343598	42490689.4878052	2016-01-01	2018-12-31	1
30	N	747109	3429647.0850141	2298765	35621434.0312618	2016-01-01	2018-12-31	1
31	P	4946.82982791587	12179493.2828244	335897.472275335	105134449.13447	2016-01-01	2018-12-31	1
32	Q	23914.8361430936	12140049.3689423	295927.10201876	115872397.932064	2016-01-01	2018-12-31	1
33	R	3500.94455852155	2947764.66024379	4862.4229979466	27098839.3836074	2016-01-01	2018-12-31	1
34	S	120	1971592.52445586	350	14493780.4443629	2016-01-01	2018-12-31	1
35	B	349817475.735855	34874989.3552124	3600754256.40496	441675920.937581	2016-01-01	2018-12-31	1
36	C	52939756.0623844	330000927.914557	556574012.721283	3827150784.8742	2016-01-01	2018-12-31	1
37	D	2040598.30696352	5631721.02777778	21833913	57077995.1388889	2016-01-01	2018-12-31	1
38	E	337664.928059145	16167381.2113194	78863642	260245601.947201	2016-01-01	2018-12-31	1
39	F	28393	6613965.91832282	63250	60819219.5330537	2016-01-01	2018-12-31	1
40	G	10130073.6255205	88334794.7892127	130873550.749045	898808262.481341	2016-01-01	2018-12-31	1
41	H	4489312.98277022	23677413.9745185	21690648.9310809	230374596.068911	2016-01-01	2018-12-31	1
42	I	12475.3220127631	21832418.0982542	37043.1052592972	234087673.137534	2016-01-01	2018-12-31	1
43	J	10930	36791757.5914846	54896	294860261.83502	2016-01-01	2018-12-31	1
44	K	0	1399066.42723005	0	11238045.2206573	2016-01-01	2018-12-31	1
45	L	4251	6537880.25646495	4400	57168602.1389547	2016-01-01	2018-12-31	1
46	M	120165	4818074.97718502	2343598	42490689.4878052	2016-01-01	2018-12-31	1
47	N	747109	3429647.0850141	2298765	35621434.0312618	2016-01-01	2018-12-31	1
48	P	4946.82982791587	12179493.2828244	335897.472275335	105134449.13447	2016-01-01	2018-12-31	1
49	Q	23914.8361430936	12140049.3689423	295927.10201876	115872397.932064	2016-01-01	2018-12-31	1
50	R	3500.94455852155	2947764.66024379	4862.4229979466	27098839.3836074	2016-01-01	2018-12-31	1
51	S	120	1971592.52445586	350	14493780.4443629	2016-01-01	2018-12-31	1
52	B	349817475.735855	34874989.3552124	3600754256.40496	441675920.937581	2016-01-01	2018-12-31	1
53	C	52939756.0623844	330000927.914557	556574012.721283	3827150784.8742	2016-01-01	2018-12-31	1
54	D	2040598.30696352	5631721.02777778	21833913	57077995.1388889	2016-01-01	2018-12-31	1
55	E	337664.928059145	16167381.2113194	78863642	260245601.947201	2016-01-01	2018-12-31	1
56	F	28393	6613965.91832282	63250	60819219.5330537	2016-01-01	2018-12-31	1
57	G	10130073.6255205	88334794.7892127	130873550.749045	898808262.481341	2016-01-01	2018-12-31	1
58	H	4489312.98277022	23677413.9745185	21690648.9310809	230374596.068911	2016-01-01	2018-12-31	1
59	I	12475.3220127631	21832418.0982542	37043.1052592972	234087673.137534	2016-01-01	2018-12-31	1
60	J	10930	36791757.5914846	54896	294860261.83502	2016-01-01	2018-12-31	1
61	K	0	1399066.42723005	0	11238045.2206573	2016-01-01	2018-12-31	1
62	L	4251	6537880.25646495	4400	57168602.1389547	2016-01-01	2018-12-31	1
63	M	120165	4818074.97718502	2343598	42490689.4878052	2016-01-01	2018-12-31	1
64	N	747109	3429647.0850141	2298765	35621434.0312618	2016-01-01	2018-12-31	1
65	P	4946.82982791587	12179493.2828244	335897.472275335	105134449.13447	2016-01-01	2018-12-31	1
66	Q	23914.8361430936	12140049.3689423	295927.10201876	115872397.932064	2016-01-01	2018-12-31	1
67	R	3500.94455852155	2947764.66024379	4862.4229979466	27098839.3836074	2016-01-01	2018-12-31	1
68	S	120	1971592.52445586	350	14493780.4443629	2016-01-01	2018-12-31	1
\.


--
-- TOC entry 3362 (class 0 OID 16542)
-- Dependencies: 211
-- Data for Name: dim_empresas_sec; Type: TABLE DATA; Schema: public; Owner: postgres
--

COPY public.dim_empresas_sec (sk_empresas_sec, pk_empresas_sec, numero_empresas, remuneraciones, valor_agregado, depreciaciones, valido_desde, valido_hasta, version) FROM stdin;
1	B	172.99999999999991	843249688.04536	6388723918.847195	169152260.87330776	2016-01-01	2018-12-31	1
2	C	1887.9999999999989	4388792141.855991	6273713623.247183	1129085640.2157557	2016-01-01	2018-12-31	1
3	D	35.99999999999998	503668922.8055555	1555072529.3611112	457625943.6944444	2016-01-01	2018-12-31	1
4	E	78.00000000000001	208618026.09604314	495342008.1786108	55161386.9261301	2016-01-01	2018-12-31	1
5	F	789.9999999999997	958783437.2020651	1419332965.0829575	164635184.51969993	2016-01-01	2018-12-31	1
6	G	7250.999999999995	4659601978.030347	6930074822.6245985	512614829.510115	2016-01-01	2018-12-31	1
7	H	840.9999999999997	824633669.9445916	1132474063.5960507	126156796.18675599	2016-01-01	2018-12-31	1
8	I	327	448639851.6371302	595436321.4200466	50330154.2584904	2016-01-01	2018-12-31	1
9	J	258.0000000000001	801423407.0008991	1973231478.7903097	433363662.38893676	2016-01-01	2018-12-31	1
10	K	54.999999999999986	218961291.87793428	43955102.713615015	13103319.624413146	2016-01-01	2018-12-31	1
11	L	244.99999999999994	113986888.15721817	381809769.4753326	51475021.10577058	2016-01-01	2018-12-31	1
12	M	716.0000000000001	605711321.1204313	751004728.9192187	52435440.75902619	2016-01-01	2018-12-31	1
13	N	513.9999999999995	1037140012.0626976	1222349163.572296	81694906.7116102	2016-01-01	2018-12-31	1
14	P	346.9999999999999	1045045363.0831171	1148139823.0180473	84578808.79478784	2016-01-01	2018-12-31	1
15	Q	331.99999999999994	629752333.6646624	677422181.944094	80532319.26036896	2016-01-01	2018-12-31	1
16	R	72	109440859.74402568	99484056.71562515	11627651.934325764	2016-01-01	2018-12-31	1
17	S	73	92607247.47933485	119655045.89985333	7158581.196625095	2016-01-01	2018-12-31	1
0	\N	\N	\N	\N	\N	\N	\N	1
18	B	173	843249688.04536	6388723918.84719	169152260.873308	2016-01-01	2018-12-31	1
19	C	1888	4388792141.85599	6273713623.24718	1129085640.21576	2016-01-01	2018-12-31	1
20	D	36	503668922.805556	1555072529.36111	457625943.694444	2016-01-01	2018-12-31	1
21	E	78	208618026.096043	495342008.178611	55161386.9261301	2016-01-01	2018-12-31	1
22	F	790	958783437.202065	1419332965.08296	164635184.5197	2016-01-01	2018-12-31	1
23	G	7251	4659601978.03035	6930074822.6246	512614829.510115	2016-01-01	2018-12-31	1
24	H	841	824633669.944592	1132474063.59605	126156796.186756	2016-01-01	2018-12-31	1
25	I	327	448639851.63713	595436321.420047	50330154.2584904	2016-01-01	2018-12-31	1
26	J	258	801423407.000899	1973231478.79031	433363662.388937	2016-01-01	2018-12-31	1
27	K	55	218961291.877934	43955102.713615	13103319.6244131	2016-01-01	2018-12-31	1
28	L	245	113986888.157218	381809769.475333	51475021.1057706	2016-01-01	2018-12-31	1
29	M	716	605711321.120431	751004728.919219	52435440.7590262	2016-01-01	2018-12-31	1
30	N	514	1037140012.0627	1222349163.5723	81694906.7116102	2016-01-01	2018-12-31	1
31	P	347	1045045363.08312	1148139823.01805	84578808.7947878	2016-01-01	2018-12-31	1
32	Q	332	629752333.664662	677422181.944094	80532319.260369	2016-01-01	2018-12-31	1
33	R	72	109440859.744026	99484056.7156252	11627651.9343258	2016-01-01	2018-12-31	1
34	S	73	92607247.4793348	119655045.899853	7158581.19662509	2016-01-01	2018-12-31	1
35	B	173	843249688.04536	6388723918.84719	169152260.873308	2016-01-01	2018-12-31	1
36	C	1888	4388792141.85599	6273713623.24718	1129085640.21576	2016-01-01	2018-12-31	1
37	D	36	503668922.805556	1555072529.36111	457625943.694444	2016-01-01	2018-12-31	1
38	E	78	208618026.096043	495342008.178611	55161386.9261301	2016-01-01	2018-12-31	1
39	F	790	958783437.202065	1419332965.08296	164635184.5197	2016-01-01	2018-12-31	1
40	G	7251	4659601978.03035	6930074822.6246	512614829.510115	2016-01-01	2018-12-31	1
41	H	841	824633669.944592	1132474063.59605	126156796.186756	2016-01-01	2018-12-31	1
42	I	327	448639851.63713	595436321.420047	50330154.2584904	2016-01-01	2018-12-31	1
43	J	258	801423407.000899	1973231478.79031	433363662.388937	2016-01-01	2018-12-31	1
44	K	55	218961291.877934	43955102.713615	13103319.6244131	2016-01-01	2018-12-31	1
45	L	245	113986888.157218	381809769.475333	51475021.1057706	2016-01-01	2018-12-31	1
46	M	716	605711321.120431	751004728.919219	52435440.7590262	2016-01-01	2018-12-31	1
47	N	514	1037140012.0627	1222349163.5723	81694906.7116102	2016-01-01	2018-12-31	1
48	P	347	1045045363.08312	1148139823.01805	84578808.7947878	2016-01-01	2018-12-31	1
49	Q	332	629752333.664662	677422181.944094	80532319.260369	2016-01-01	2018-12-31	1
50	R	72	109440859.744026	99484056.7156252	11627651.9343258	2016-01-01	2018-12-31	1
51	S	73	92607247.4793348	119655045.899853	7158581.19662509	2016-01-01	2018-12-31	1
52	B	173	843249688.04536	6388723918.84719	169152260.873308	2016-01-01	2018-12-31	1
53	C	1888	4388792141.85599	6273713623.24718	1129085640.21576	2016-01-01	2018-12-31	1
54	D	36	503668922.805556	1555072529.36111	457625943.694444	2016-01-01	2018-12-31	1
55	E	78	208618026.096043	495342008.178611	55161386.9261301	2016-01-01	2018-12-31	1
56	F	790	958783437.202065	1419332965.08296	164635184.5197	2016-01-01	2018-12-31	1
57	G	7251	4659601978.03035	6930074822.6246	512614829.510115	2016-01-01	2018-12-31	1
58	H	841	824633669.944592	1132474063.59605	126156796.186756	2016-01-01	2018-12-31	1
59	I	327	448639851.63713	595436321.420047	50330154.2584904	2016-01-01	2018-12-31	1
60	J	258	801423407.000899	1973231478.79031	433363662.388937	2016-01-01	2018-12-31	1
61	K	55	218961291.877934	43955102.713615	13103319.6244131	2016-01-01	2018-12-31	1
62	L	245	113986888.157218	381809769.475333	51475021.1057706	2016-01-01	2018-12-31	1
63	M	716	605711321.120431	751004728.919219	52435440.7590262	2016-01-01	2018-12-31	1
64	N	514	1037140012.0627	1222349163.5723	81694906.7116102	2016-01-01	2018-12-31	1
65	P	347	1045045363.08312	1148139823.01805	84578808.7947878	2016-01-01	2018-12-31	1
66	Q	332	629752333.664662	677422181.944094	80532319.260369	2016-01-01	2018-12-31	1
67	R	72	109440859.744026	99484056.7156252	11627651.9343258	2016-01-01	2018-12-31	1
68	S	73	92607247.4793348	119655045.899853	7158581.19662509	2016-01-01	2018-12-31	1
\.


--
-- TOC entry 3363 (class 0 OID 16545)
-- Dependencies: 212
-- Data for Name: dim_personal_sec; Type: TABLE DATA; Schema: public; Owner: postgres
--

COPY public.dim_personal_sec (sk_personal_sec, pk_personal_sec, total_hombres, total_mujeres, total_horas_noviembre, total_sueldo_noviembre_hombres, total_sueldo_noviembre_mujeres, valido_desde, valido_hasta, version) FROM stdin;
1	B	27933.53059130387	3376.9061440784735	7023256.8418185515	39137624.319474675	5354261.798319359	2016-01-01	2018-12-31	1
2	C	188212.8666202289	72074.82942336914	57820179.23913391	161212930.45673937	57014478.19507823	2016-01-01	2018-12-31	1
3	D	14374.527777777777	3674.6666666666665	3975817	21486268.861111112	5323864.638888889	2016-01-01	2018-12-31	1
4	E	12595.956756094574	2604.296092122994	2956776.62244273	10442056.387847606	2697028.2339826045	2016-01-01	2018-12-31	1
5	F	50901.52790703824	6789.043574646032	12841168.102619747	39629516.94589504	6602082.435194615	2016-01-01	2018-12-31	1
6	G	177732.77321284215	106608.47903844157	61091901.45416912	157269205.86109415	90328491.83589369	2016-01-01	2018-12-31	1
7	H	35778.148321097884	12463.789869013299	10157200.286154453	31200838.085829247	12057939.787995622	2016-01-01	2018-12-31	1
8	I	26903.323039683102	16830.545514560246	9825733.332465336	17530219.27598473	10171920.105039237	2016-01-01	2018-12-31	1
9	J	22856.925074169536	13109.501023723848	7711843.191421823	27995869.548778605	14365654.26482343	2016-01-01	2018-12-31	1
10	K	3354.788732394366	4762.413145539906	1604591.7652582158	4922614.192488262	5978258.976525822	2016-01-01	2018-12-31	1
11	L	3479.3117185275655	2284.9527836519896	1187695.572544042	3090286.6541623827	2356908.978088525	2016-01-01	2018-12-31	1
12	M	24938.660027597198	13812.508874300738	8238356.530608469	20620829.807021867	11957273.298289716	2016-01-01	2018-12-31	1
13	N	88971.92726350608	18277.534852361674	25605247.62767182	50998998.73499736	11393800.678331735	2016-01-01	2018-12-31	1
14	P	23851.647579322103	31261.87838844416	10882626.19238117	28442901.36035115	32507316.19354937	2016-01-01	2018-12-31	1
15	Q	11995.795731319984	23024.045286580327	6959370.18531916	12813755.949326605	21103939.736953307	2016-01-01	2018-12-31	1
16	R	4748.3608695296125	2013.18801863361	1433832.0890189009	3401581.9680874813	1504944.678401268	2016-01-01	2018-12-31	1
17	S	2852.261677671804	2835.0382734164846	1251330.7761066281	2718694.976644658	2047306.6074834934	2016-01-01	2018-12-31	1
0	\N	\N	\N	\N	\N	\N	\N	\N	1
18	B	27933.5305913039	3376.90614407847	7023256.84181855	39137624.3194747	5354261.79831936	2016-01-01	2018-12-31	1
19	C	188212.866620229	72074.8294233691	57820179.2391339	161212930.456739	57014478.1950782	2016-01-01	2018-12-31	1
20	D	14374.5277777778	3674.66666666667	3975817	21486268.8611111	5323864.63888889	2016-01-01	2018-12-31	1
21	E	12595.9567560946	2604.29609212299	2956776.62244273	10442056.3878476	2697028.2339826	2016-01-01	2018-12-31	1
22	F	50901.5279070382	6789.04357464603	12841168.1026197	39629516.945895	6602082.43519462	2016-01-01	2018-12-31	1
23	G	177732.773212842	106608.479038442	61091901.4541691	157269205.861094	90328491.8358937	2016-01-01	2018-12-31	1
24	H	35778.1483210979	12463.7898690133	10157200.2861545	31200838.0858292	12057939.7879956	2016-01-01	2018-12-31	1
25	I	26903.3230396831	16830.5455145602	9825733.33246534	17530219.2759847	10171920.1050392	2016-01-01	2018-12-31	1
26	J	22856.9250741695	13109.5010237238	7711843.19142182	27995869.5487786	14365654.2648234	2016-01-01	2018-12-31	1
27	K	3354.78873239437	4762.41314553991	1604591.76525822	4922614.19248826	5978258.97652582	2016-01-01	2018-12-31	1
28	L	3479.31171852757	2284.95278365199	1187695.57254404	3090286.65416238	2356908.97808853	2016-01-01	2018-12-31	1
29	M	24938.6600275972	13812.5088743007	8238356.53060847	20620829.8070219	11957273.2982897	2016-01-01	2018-12-31	1
30	N	88971.9272635061	18277.5348523617	25605247.6276718	50998998.7349974	11393800.6783317	2016-01-01	2018-12-31	1
31	P	23851.6475793221	31261.8783884442	10882626.1923812	28442901.3603511	32507316.1935494	2016-01-01	2018-12-31	1
32	Q	11995.79573132	23024.0452865803	6959370.18531916	12813755.9493266	21103939.7369533	2016-01-01	2018-12-31	1
33	R	4748.36086952961	2013.18801863361	1433832.0890189	3401581.96808748	1504944.67840127	2016-01-01	2018-12-31	1
34	S	2852.2616776718	2835.03827341648	1251330.77610663	2718694.97664466	2047306.60748349	2016-01-01	2018-12-31	1
35	B	27933.5305913039	3376.90614407847	7023256.84181855	39137624.3194747	5354261.79831936	2016-01-01	2018-12-31	1
36	C	188212.866620229	72074.8294233691	57820179.2391339	161212930.456739	57014478.1950782	2016-01-01	2018-12-31	1
37	D	14374.5277777778	3674.66666666667	3975817	21486268.8611111	5323864.63888889	2016-01-01	2018-12-31	1
38	E	12595.9567560946	2604.29609212299	2956776.62244273	10442056.3878476	2697028.2339826	2016-01-01	2018-12-31	1
39	F	50901.5279070382	6789.04357464603	12841168.1026197	39629516.945895	6602082.43519462	2016-01-01	2018-12-31	1
40	G	177732.773212842	106608.479038442	61091901.4541691	157269205.861094	90328491.8358937	2016-01-01	2018-12-31	1
41	H	35778.1483210979	12463.7898690133	10157200.2861545	31200838.0858292	12057939.7879956	2016-01-01	2018-12-31	1
42	I	26903.3230396831	16830.5455145602	9825733.33246534	17530219.2759847	10171920.1050392	2016-01-01	2018-12-31	1
43	J	22856.9250741695	13109.5010237238	7711843.19142182	27995869.5487786	14365654.2648234	2016-01-01	2018-12-31	1
44	K	3354.78873239437	4762.41314553991	1604591.76525822	4922614.19248826	5978258.97652582	2016-01-01	2018-12-31	1
45	L	3479.31171852757	2284.95278365199	1187695.57254404	3090286.65416238	2356908.97808853	2016-01-01	2018-12-31	1
46	M	24938.6600275972	13812.5088743007	8238356.53060847	20620829.8070219	11957273.2982897	2016-01-01	2018-12-31	1
47	N	88971.9272635061	18277.5348523617	25605247.6276718	50998998.7349974	11393800.6783317	2016-01-01	2018-12-31	1
48	P	23851.6475793221	31261.8783884442	10882626.1923812	28442901.3603511	32507316.1935494	2016-01-01	2018-12-31	1
49	Q	11995.79573132	23024.0452865803	6959370.18531916	12813755.9493266	21103939.7369533	2016-01-01	2018-12-31	1
50	R	4748.36086952961	2013.18801863361	1433832.0890189	3401581.96808748	1504944.67840127	2016-01-01	2018-12-31	1
51	S	2852.2616776718	2835.03827341648	1251330.77610663	2718694.97664466	2047306.60748349	2016-01-01	2018-12-31	1
52	B	27933.5305913039	3376.90614407847	7023256.84181855	39137624.3194747	5354261.79831936	2016-01-01	2018-12-31	1
53	C	188212.866620229	72074.8294233691	57820179.2391339	161212930.456739	57014478.1950782	2016-01-01	2018-12-31	1
54	D	14374.5277777778	3674.66666666667	3975817	21486268.8611111	5323864.63888889	2016-01-01	2018-12-31	1
55	E	12595.9567560946	2604.29609212299	2956776.62244273	10442056.3878476	2697028.2339826	2016-01-01	2018-12-31	1
56	F	50901.5279070382	6789.04357464603	12841168.1026197	39629516.945895	6602082.43519462	2016-01-01	2018-12-31	1
57	G	177732.773212842	106608.479038442	61091901.4541691	157269205.861094	90328491.8358937	2016-01-01	2018-12-31	1
58	H	35778.1483210979	12463.7898690133	10157200.2861545	31200838.0858292	12057939.7879956	2016-01-01	2018-12-31	1
59	I	26903.3230396831	16830.5455145602	9825733.33246534	17530219.2759847	10171920.1050392	2016-01-01	2018-12-31	1
60	J	22856.9250741695	13109.5010237238	7711843.19142182	27995869.5487786	14365654.2648234	2016-01-01	2018-12-31	1
61	K	3354.78873239437	4762.41314553991	1604591.76525822	4922614.19248826	5978258.97652582	2016-01-01	2018-12-31	1
62	L	3479.31171852757	2284.95278365199	1187695.57254404	3090286.65416238	2356908.97808853	2016-01-01	2018-12-31	1
63	M	24938.6600275972	13812.5088743007	8238356.53060847	20620829.8070219	11957273.2982897	2016-01-01	2018-12-31	1
64	N	88971.9272635061	18277.5348523617	25605247.6276718	50998998.7349974	11393800.6783317	2016-01-01	2018-12-31	1
65	P	23851.6475793221	31261.8783884442	10882626.1923812	28442901.3603511	32507316.1935494	2016-01-01	2018-12-31	1
66	Q	11995.79573132	23024.0452865803	6959370.18531916	12813755.9493266	21103939.7369533	2016-01-01	2018-12-31	1
67	R	4748.36086952961	2013.18801863361	1433832.0890189	3401581.96808748	1504944.67840127	2016-01-01	2018-12-31	1
68	S	2852.2616776718	2835.03827341648	1251330.77610663	2718694.97664466	2047306.60748349	2016-01-01	2018-12-31	1
\.


--
-- TOC entry 3364 (class 0 OID 16548)
-- Dependencies: 213
-- Data for Name: dim_produccion_sec; Type: TABLE DATA; Schema: public; Owner: postgres
--

COPY public.dim_produccion_sec (sk_produccion_sec, pk_produccion_sec, produccion_total, ventas_netas_de_bienes_producidos, venta_de_bienes_comercializados, ventas_netas_de_servicios, compras_netas_de_mercaderias, variacion_de_existencias_de_articulos_para_venta, valido_desde, valido_hasta, version) FROM stdin;
1	B	11327056841.489262	7178944162.37504	31806153.433537293	3860338563.286735	23917889.92601452	-102425.42491097016	2016-01-01	2018-12-31	1
2	C	33404677037.34128	31441140477.992928	2173410938.390741	592452088.0697129	1634250499.9609733	151088744.19192323	2016-01-01	2018-12-31	1
3	D	3252680814.0277777	22401885.97222221	1633193.75	2854602559.5277777	1420996.25	-128452.66666666645	2016-01-01	2018-12-31	1
4	E	904745326.8207767	3240628.7777777794	3202080.6666666665	723700655.9277227	3054981.888888889	-91133.22222222228	2016-01-01	2018-12-31	1
5	F	4773848829.208885	1646621533.487752	112656325.98312119	3011681031.103211	105749403.407459	-71458188.67317463	2016-01-01	2018-12-31	1
6	G	14110805084.568832	489469933.82388365	54482338807.87834	1561428669.0846758	43434043425.77171	7829257.463187499	2016-01-01	2018-12-31	1
7	H	4951539596.120493	0	256925316.6623885	4729687634.285108	282003122.9799676	0	2016-01-01	2018-12-31	1
8	I	1683555609.2270951	22332119	2017470	1619019108.6675336	1298095	9705	2016-01-01	2018-12-31	1
9	J	4747508695.921604	0	415715862.64863014	4604057874.635062	348879343.5201276	0	2016-01-01	2018-12-31	1
10	K	2613607372.99061	0	0	2330229526.6056337	0	0	2016-01-01	2018-12-31	1
11	L	984031337.4543096	21480310.153846145	3198207	941916622.0617495	3016796	0	2016-01-01	2018-12-31	1
12	M	2284427849.2562256	52284563.011528715	26076662.997600853	2174776840.928734	17531055.788270265	-1914152	2016-01-01	2018-12-31	1
13	N	2020111072.1289618	0	23978641.19906322	1983665018.3101013	17915725.092505842	0	2016-01-01	2018-12-31	1
14	P	1802759066.726708	0	32844887.88685569	1749095118.9365199	27895471.714629907	0	2016-01-01	2018-12-31	1
15	Q	1963616800.5068257	1472359	44113566.24302663	1898911237.0875905	27672476.627345037	-252639	2016-01-01	2018-12-31	1
16	R	295745213.40773976	0	0	270749060.98607	0	0	2016-01-01	2018-12-31	1
17	S	235779452.43653718	8991187.86206897	11553972.406945473	206501602.12924933	8119142.006847646	316142.5287356323	2016-01-01	2018-12-31	1
0	\N	\N	\N	\N	\N	\N	\N	\N	\N	1
18	B	11327056841.4893	7178944162.37504	31806153.4335373	3860338563.28674	23917889.9260145	-102425.42491097	2016-01-01	2018-12-31	1
19	C	33404677037.3413	31441140477.9929	2173410938.39074	592452088.069713	1634250499.96097	151088744.191923	2016-01-01	2018-12-31	1
20	D	3252680814.02778	22401885.9722222	1633193.75	2854602559.52778	1420996.25	-128452.666666666	2016-01-01	2018-12-31	1
21	E	904745326.820777	3240628.77777778	3202080.66666667	723700655.927723	3054981.88888889	-91133.2222222223	2016-01-01	2018-12-31	1
22	F	4773848829.20889	1646621533.48775	112656325.983121	3011681031.10321	105749403.407459	-71458188.6731746	2016-01-01	2018-12-31	1
23	G	14110805084.5688	489469933.823884	54482338807.8783	1561428669.08468	43434043425.7717	7829257.4631875	2016-01-01	2018-12-31	1
24	H	4951539596.12049	0	256925316.662389	4729687634.28511	282003122.979968	0	2016-01-01	2018-12-31	1
25	I	1683555609.2271	22332119	2017470	1619019108.66753	1298095	9705	2016-01-01	2018-12-31	1
26	J	4747508695.9216	0	415715862.64863	4604057874.63506	348879343.520128	0	2016-01-01	2018-12-31	1
27	K	2613607372.99061	0	0	2330229526.60563	0	0	2016-01-01	2018-12-31	1
28	L	984031337.45431	21480310.1538461	3198207	941916622.061749	3016796	0	2016-01-01	2018-12-31	1
29	M	2284427849.25623	52284563.0115287	26076662.9976009	2174776840.92873	17531055.7882703	-1914152	2016-01-01	2018-12-31	1
30	N	2020111072.12896	0	23978641.1990632	1983665018.3101	17915725.0925058	0	2016-01-01	2018-12-31	1
31	P	1802759066.72671	0	32844887.8868557	1749095118.93652	27895471.7146299	0	2016-01-01	2018-12-31	1
32	Q	1963616800.50683	1472359	44113566.2430266	1898911237.08759	27672476.627345	-252639	2016-01-01	2018-12-31	1
33	R	295745213.40774	0	0	270749060.98607	0	0	2016-01-01	2018-12-31	1
34	S	235779452.436537	8991187.86206897	11553972.4069455	206501602.129249	8119142.00684765	316142.528735632	2016-01-01	2018-12-31	1
35	B	11327056841.4893	7178944162.37504	31806153.4335373	3860338563.28674	23917889.9260145	-102425.42491097	2016-01-01	2018-12-31	1
36	C	33404677037.3413	31441140477.9929	2173410938.39074	592452088.069713	1634250499.96097	151088744.191923	2016-01-01	2018-12-31	1
37	D	3252680814.02778	22401885.9722222	1633193.75	2854602559.52778	1420996.25	-128452.666666666	2016-01-01	2018-12-31	1
38	E	904745326.820777	3240628.77777778	3202080.66666667	723700655.927723	3054981.88888889	-91133.2222222223	2016-01-01	2018-12-31	1
39	F	4773848829.20889	1646621533.48775	112656325.983121	3011681031.10321	105749403.407459	-71458188.6731746	2016-01-01	2018-12-31	1
40	G	14110805084.5688	489469933.823884	54482338807.8783	1561428669.08468	43434043425.7717	7829257.4631875	2016-01-01	2018-12-31	1
41	H	4951539596.12049	0	256925316.662389	4729687634.28511	282003122.979968	0	2016-01-01	2018-12-31	1
42	I	1683555609.2271	22332119	2017470	1619019108.66753	1298095	9705	2016-01-01	2018-12-31	1
43	J	4747508695.9216	0	415715862.64863	4604057874.63506	348879343.520128	0	2016-01-01	2018-12-31	1
44	K	2613607372.99061	0	0	2330229526.60563	0	0	2016-01-01	2018-12-31	1
45	L	984031337.45431	21480310.1538461	3198207	941916622.061749	3016796	0	2016-01-01	2018-12-31	1
46	M	2284427849.25623	52284563.0115287	26076662.9976009	2174776840.92873	17531055.7882703	-1914152	2016-01-01	2018-12-31	1
47	N	2020111072.12896	0	23978641.1990632	1983665018.3101	17915725.0925058	0	2016-01-01	2018-12-31	1
48	P	1802759066.72671	0	32844887.8868557	1749095118.93652	27895471.7146299	0	2016-01-01	2018-12-31	1
49	Q	1963616800.50683	1472359	44113566.2430266	1898911237.08759	27672476.627345	-252639	2016-01-01	2018-12-31	1
50	R	295745213.40774	0	0	270749060.98607	0	0	2016-01-01	2018-12-31	1
51	S	235779452.436537	8991187.86206897	11553972.4069455	206501602.129249	8119142.00684765	316142.528735632	2016-01-01	2018-12-31	1
52	B	11327056841.4893	7178944162.37504	31806153.4335373	3860338563.28674	23917889.9260145	-102425.42491097	2016-01-01	2018-12-31	1
53	C	33404677037.3413	31441140477.9929	2173410938.39074	592452088.069713	1634250499.96097	151088744.191923	2016-01-01	2018-12-31	1
54	D	3252680814.02778	22401885.9722222	1633193.75	2854602559.52778	1420996.25	-128452.666666666	2016-01-01	2018-12-31	1
55	E	904745326.820777	3240628.77777778	3202080.66666667	723700655.927723	3054981.88888889	-91133.2222222223	2016-01-01	2018-12-31	1
56	F	4773848829.20889	1646621533.48775	112656325.983121	3011681031.10321	105749403.407459	-71458188.6731746	2016-01-01	2018-12-31	1
57	G	14110805084.5688	489469933.823884	54482338807.8783	1561428669.08468	43434043425.7717	7829257.4631875	2016-01-01	2018-12-31	1
58	H	4951539596.12049	0	256925316.662389	4729687634.28511	282003122.979968	0	2016-01-01	2018-12-31	1
59	I	1683555609.2271	22332119	2017470	1619019108.66753	1298095	9705	2016-01-01	2018-12-31	1
60	J	4747508695.9216	0	415715862.64863	4604057874.63506	348879343.520128	0	2016-01-01	2018-12-31	1
61	K	2613607372.99061	0	0	2330229526.60563	0	0	2016-01-01	2018-12-31	1
62	L	984031337.45431	21480310.1538461	3198207	941916622.061749	3016796	0	2016-01-01	2018-12-31	1
63	M	2284427849.25623	52284563.0115287	26076662.9976009	2174776840.92873	17531055.7882703	-1914152	2016-01-01	2018-12-31	1
64	N	2020111072.12896	0	23978641.1990632	1983665018.3101	17915725.0925058	0	2016-01-01	2018-12-31	1
65	P	1802759066.72671	0	32844887.8868557	1749095118.93652	27895471.7146299	0	2016-01-01	2018-12-31	1
66	Q	1963616800.50683	1472359	44113566.2430266	1898911237.08759	27672476.627345	-252639	2016-01-01	2018-12-31	1
67	R	295745213.40774	0	0	270749060.98607	0	0	2016-01-01	2018-12-31	1
68	S	235779452.436537	8991187.86206897	11553972.4069455	206501602.129249	8119142.00684765	316142.528735632	2016-01-01	2018-12-31	1
\.


--
-- TOC entry 3365 (class 0 OID 16551)
-- Dependencies: 214
-- Data for Name: dim_relacion_sec; Type: TABLE DATA; Schema: public; Owner: postgres
--

COPY public.dim_relacion_sec (sk_relacion_sec, pk_relacion_sec, produccion_por_persona_ocupada, produccion_por_hora_trabajada, valoragregado_por_persona_ocupada, valoragregado_por_hora_trabajada, intensidad_uso_energia, valido_desde, valido_hasta, version) FROM stdin;
1	B	383969.47367564193	140.94425386889066	222301.01517037698	81.45928525183332	3.3678311943239354	2016-01-01	2018-12-31	1
2	C	128361.58315337026	48.18259682621504	28273.059822047853	10.582019444835625	5.9249734229328235	2016-01-01	2018-12-31	1
3	D	180052.552042181	68.23553327692841	86266.90660943252	32.70303606690123	0	2016-01-01	2018-12-31	1
4	E	59367.08462451188	25.432952061847	33371.168935999856	14.36133641567305	2.2748549698980813	2016-01-01	2018-12-31	1
5	F	80413.5349967095	30.158840412155925	27985.358532210506	10.431654334741157	6.780827394085652	2016-01-01	2018-12-31	1
6	G	49407.60285144896	19.19022553085394	24808.29999724194	9.630879668039185	1.1246943076027063	2016-01-01	2018-12-31	1
7	H	98757.71931979021	39.01924309221789	29967.54256087679	11.694283185760538	10.640394857103486	2016-01-01	2018-12-31	1
8	I	38495.465068199315	14.298063713549674	13751.20423144927	5.098493741044919	2.2153916997126335	2016-01-01	2018-12-31	1
9	J	131614.338208288	51.15181558083944	54986.924078205404	21.36963957720807	0.1666411365425213	2016-01-01	2018-12-31	1
10	K	317434.07404896803	133.81786143260157	34157.337185534656	14.534818058695384	0.1482148771773404	2016-01-01	2018-12-31	1
11	L	139387.3213880477	56.37425162535512	58113.39947439908	23.51367803735817	0.4113011602338311	2016-01-01	2018-12-31	1
12	M	56384.892721306	22.10170290276478	20475.560291310438	8.0120821372714	1.7090585506150688	2016-01-01	2018-12-31	1
13	N	18728.02563763898	6.587907250752234	11352.440213237753	3.9934173864121623	1.6199002649581227	2016-01-01	2018-12-31	1
14	P	32709.920751233934	13.804565145534475	21399.045242482032	9.046399125347078	0.337815300013255	2016-01-01	2018-12-31	1
15	Q	56071.5509674395	23.512865247599187	20891.90131935085	8.712955834987893	0.4996524131959539	2016-01-01	2018-12-31	1
16	R	42244.39786546354	16.601058311146534	18420.75233724725	7.1288723022263	1.4130966768073967	2016-01-01	2018-12-31	1
17	S	41457.18609257101	15.708932150789767	21675.676123081885	8.226438599771669	0.8128208634703936	2016-01-01	2018-12-31	1
0	\N	\N	\N	\N	\N	\N	\N	\N	1
18	B	383969.473675642	140.944253868891	222301.015170377	81.4592852518333	3.36783119432394	2016-01-01	2018-12-31	1
19	C	128361.58315337	48.182596826215	28273.0598220479	10.5820194448356	5.92497342293282	2016-01-01	2018-12-31	1
20	D	180052.552042181	68.2355332769284	86266.9066094325	32.7030360669012	0	2016-01-01	2018-12-31	1
21	E	59367.0846245119	25.432952061847	33371.1689359999	14.361336415673	2.27485496989808	2016-01-01	2018-12-31	1
22	F	80413.5349967095	30.1588404121559	27985.3585322105	10.4316543347412	6.78082739408565	2016-01-01	2018-12-31	1
23	G	49407.602851449	19.1902255308539	24808.2999972419	9.63087966803919	1.12469430760271	2016-01-01	2018-12-31	1
24	H	98757.7193197902	39.0192430922179	29967.5425608768	11.6942831857605	10.6403948571035	2016-01-01	2018-12-31	1
25	I	38495.4650681993	14.2980637135497	13751.2042314493	5.09849374104492	2.21539169971263	2016-01-01	2018-12-31	1
26	J	131614.338208288	51.1518155808394	54986.9240782054	21.3696395772081	0.166641136542521	2016-01-01	2018-12-31	1
27	K	317434.074048968	133.817861432602	34157.3371855347	14.5348180586954	0.14821487717734	2016-01-01	2018-12-31	1
28	L	139387.321388048	56.3742516253551	58113.3994743991	23.5136780373582	0.411301160233831	2016-01-01	2018-12-31	1
29	M	56384.892721306	22.1017029027648	20475.5602913104	8.0120821372714	1.70905855061507	2016-01-01	2018-12-31	1
30	N	18728.025637639	6.58790725075223	11352.4402132378	3.99341738641216	1.61990026495812	2016-01-01	2018-12-31	1
31	P	32709.9207512339	13.8045651455345	21399.045242482	9.04639912534708	0.337815300013255	2016-01-01	2018-12-31	1
32	Q	56071.5509674395	23.5128652475992	20891.9013193509	8.71295583498789	0.499652413195954	2016-01-01	2018-12-31	1
33	R	42244.3978654635	16.6010583111465	18420.7523372472	7.1288723022263	1.4130966768074	2016-01-01	2018-12-31	1
34	S	41457.186092571	15.7089321507898	21675.6761230819	8.22643859977167	0.812820863470394	2016-01-01	2018-12-31	1
35	B	383969.473675642	140.944253868891	222301.015170377	81.4592852518333	3.36783119432394	2016-01-01	2018-12-31	1
36	C	128361.58315337	48.182596826215	28273.0598220479	10.5820194448356	5.92497342293282	2016-01-01	2018-12-31	1
37	D	180052.552042181	68.2355332769284	86266.9066094325	32.7030360669012	0	2016-01-01	2018-12-31	1
38	E	59367.0846245119	25.432952061847	33371.1689359999	14.361336415673	2.27485496989808	2016-01-01	2018-12-31	1
39	F	80413.5349967095	30.1588404121559	27985.3585322105	10.4316543347412	6.78082739408565	2016-01-01	2018-12-31	1
40	G	49407.602851449	19.1902255308539	24808.2999972419	9.63087966803919	1.12469430760271	2016-01-01	2018-12-31	1
41	H	98757.7193197902	39.0192430922179	29967.5425608768	11.6942831857605	10.6403948571035	2016-01-01	2018-12-31	1
42	I	38495.4650681993	14.2980637135497	13751.2042314493	5.09849374104492	2.21539169971263	2016-01-01	2018-12-31	1
43	J	131614.338208288	51.1518155808394	54986.9240782054	21.3696395772081	0.166641136542521	2016-01-01	2018-12-31	1
44	K	317434.074048968	133.817861432602	34157.3371855347	14.5348180586954	0.14821487717734	2016-01-01	2018-12-31	1
45	L	139387.321388048	56.3742516253551	58113.3994743991	23.5136780373582	0.411301160233831	2016-01-01	2018-12-31	1
46	M	56384.892721306	22.1017029027648	20475.5602913104	8.0120821372714	1.70905855061507	2016-01-01	2018-12-31	1
47	N	18728.025637639	6.58790725075223	11352.4402132378	3.99341738641216	1.61990026495812	2016-01-01	2018-12-31	1
48	P	32709.9207512339	13.8045651455345	21399.045242482	9.04639912534708	0.337815300013255	2016-01-01	2018-12-31	1
49	Q	56071.5509674395	23.5128652475992	20891.9013193509	8.71295583498789	0.499652413195954	2016-01-01	2018-12-31	1
50	R	42244.3978654635	16.6010583111465	18420.7523372472	7.1288723022263	1.4130966768074	2016-01-01	2018-12-31	1
51	S	41457.186092571	15.7089321507898	21675.6761230819	8.22643859977167	0.812820863470394	2016-01-01	2018-12-31	1
52	B	383969.473675642	140.944253868891	222301.015170377	81.4592852518333	3.36783119432394	2016-01-01	2018-12-31	1
53	C	128361.58315337	48.182596826215	28273.0598220479	10.5820194448356	5.92497342293282	2016-01-01	2018-12-31	1
54	D	180052.552042181	68.2355332769284	86266.9066094325	32.7030360669012	0	2016-01-01	2018-12-31	1
55	E	59367.0846245119	25.432952061847	33371.1689359999	14.361336415673	2.27485496989808	2016-01-01	2018-12-31	1
56	F	80413.5349967095	30.1588404121559	27985.3585322105	10.4316543347412	6.78082739408565	2016-01-01	2018-12-31	1
57	G	49407.602851449	19.1902255308539	24808.2999972419	9.63087966803919	1.12469430760271	2016-01-01	2018-12-31	1
58	H	98757.7193197902	39.0192430922179	29967.5425608768	11.6942831857605	10.6403948571035	2016-01-01	2018-12-31	1
59	I	38495.4650681993	14.2980637135497	13751.2042314493	5.09849374104492	2.21539169971263	2016-01-01	2018-12-31	1
60	J	131614.338208288	51.1518155808394	54986.9240782054	21.3696395772081	0.166641136542521	2016-01-01	2018-12-31	1
61	K	317434.074048968	133.817861432602	34157.3371855347	14.5348180586954	0.14821487717734	2016-01-01	2018-12-31	1
62	L	139387.321388048	56.3742516253551	58113.3994743991	23.5136780373582	0.411301160233831	2016-01-01	2018-12-31	1
63	M	56384.892721306	22.1017029027648	20475.5602913104	8.0120821372714	1.70905855061507	2016-01-01	2018-12-31	1
64	N	18728.025637639	6.58790725075223	11352.4402132378	3.99341738641216	1.61990026495812	2016-01-01	2018-12-31	1
65	P	32709.9207512339	13.8045651455345	21399.045242482	9.04639912534708	0.337815300013255	2016-01-01	2018-12-31	1
66	Q	56071.5509674395	23.5128652475992	20891.9013193509	8.71295583498789	0.499652413195954	2016-01-01	2018-12-31	1
67	R	42244.3978654635	16.6010583111465	18420.7523372472	7.1288723022263	1.4130966768074	2016-01-01	2018-12-31	1
68	S	41457.186092571	15.7089321507898	21675.6761230819	8.22643859977167	0.812820863470394	2016-01-01	2018-12-31	1
\.


--
-- TOC entry 3366 (class 0 OID 16554)
-- Dependencies: 215
-- Data for Name: dim_remuneraciones_sec; Type: TABLE DATA; Schema: public; Owner: postgres
--

COPY public.dim_remuneraciones_sec (sk_remuneraciones_sec, pk_remuneraciones_sec, total_gasto_sueldos_remuneraciones_iess, total_gasto_beneficiossociales_indemnizaciones_remuneraciones_i, otras_remuneraciones, valido_desde, valido_hasta, version) FROM stdin;
1	B	500075973.2702227	76506147.64805338	177343047.04969695	2016-01-01	2018-12-31	1
2	C	2613945362.756838	563073890.4550133	708172924.6234642	2016-01-01	2018-12-31	1
3	D	295428730.6666667	71827060.63888888	80262587.55555555	2016-01-01	2018-12-31	1
4	E	143438011.84748256	27141238.080975134	13920658.891951488	2016-01-01	2018-12-31	1
5	F	584292872.1558051	116123360.79987696	151820737.84316373	2016-01-01	2018-12-31	1
6	G	2924210323.4177566	595874633.5723475	592920070.0395455	2016-01-01	2018-12-31	1
7	H	507341855.1559375	107154569.71444644	116650670.62623633	2016-01-01	2018-12-31	1
8	I	291209963.4859897	62513317.63540669	36647108.60430571	2016-01-01	2018-12-31	1
9	J	504080065.0141353	98901057.63831203	102286192.5371705	2016-01-01	2018-12-31	1
10	K	131588033.34741783	28808407.7370892	31632397.009389672	2016-01-01	2018-12-31	1
11	L	63154749.399691515	15602942.421432022	23575926.87183399	2016-01-01	2018-12-31	1
12	M	404618423.0677253	79133427.07505594	48827860.063963085	2016-01-01	2018-12-31	1
13	N	692069448.5189217	147684936.4799766	60618200.52590342	2016-01-01	2018-12-31	1
14	P	699512700.413443	136371786.9771088	76962991.12687653	2016-01-01	2018-12-31	1
15	Q	398134749.6246985	91170111.10465851	64421332.992030956	2016-01-01	2018-12-31	1
16	R	56547622.941538565	26033654.289321106	17365817.593312282	2016-01-01	2018-12-31	1
17	S	59171636.975666456	14532002.31425777	7255599.4976766985	2016-01-01	2018-12-31	1
0	\N	\N	\N	\N	\N	\N	1
18	B	500075973.270223	76506147.6480534	177343047.049697	2016-01-01	2018-12-31	1
19	C	2613945362.75684	563073890.455013	708172924.623464	2016-01-01	2018-12-31	1
20	D	295428730.666667	71827060.6388889	80262587.5555556	2016-01-01	2018-12-31	1
21	E	143438011.847483	27141238.0809751	13920658.8919515	2016-01-01	2018-12-31	1
22	F	584292872.155805	116123360.799877	151820737.843164	2016-01-01	2018-12-31	1
23	G	2924210323.41776	595874633.572348	592920070.039546	2016-01-01	2018-12-31	1
24	H	507341855.155937	107154569.714446	116650670.626236	2016-01-01	2018-12-31	1
25	I	291209963.48599	62513317.6354067	36647108.6043057	2016-01-01	2018-12-31	1
26	J	504080065.014135	98901057.638312	102286192.53717	2016-01-01	2018-12-31	1
27	K	131588033.347418	28808407.7370892	31632397.0093897	2016-01-01	2018-12-31	1
28	L	63154749.3996915	15602942.421432	23575926.871834	2016-01-01	2018-12-31	1
29	M	404618423.067725	79133427.0750559	48827860.0639631	2016-01-01	2018-12-31	1
30	N	692069448.518922	147684936.479977	60618200.5259034	2016-01-01	2018-12-31	1
31	P	699512700.413443	136371786.977109	76962991.1268765	2016-01-01	2018-12-31	1
32	Q	398134749.624699	91170111.1046585	64421332.992031	2016-01-01	2018-12-31	1
33	R	56547622.9415386	26033654.2893211	17365817.5933123	2016-01-01	2018-12-31	1
34	S	59171636.9756665	14532002.3142578	7255599.4976767	2016-01-01	2018-12-31	1
35	B	500075973.270223	76506147.6480534	177343047.049697	2016-01-01	2018-12-31	1
36	C	2613945362.75684	563073890.455013	708172924.623464	2016-01-01	2018-12-31	1
37	D	295428730.666667	71827060.6388889	80262587.5555556	2016-01-01	2018-12-31	1
38	E	143438011.847483	27141238.0809751	13920658.8919515	2016-01-01	2018-12-31	1
39	F	584292872.155805	116123360.799877	151820737.843164	2016-01-01	2018-12-31	1
40	G	2924210323.41776	595874633.572348	592920070.039546	2016-01-01	2018-12-31	1
41	H	507341855.155937	107154569.714446	116650670.626236	2016-01-01	2018-12-31	1
42	I	291209963.48599	62513317.6354067	36647108.6043057	2016-01-01	2018-12-31	1
43	J	504080065.014135	98901057.638312	102286192.53717	2016-01-01	2018-12-31	1
44	K	131588033.347418	28808407.7370892	31632397.0093897	2016-01-01	2018-12-31	1
45	L	63154749.3996915	15602942.421432	23575926.871834	2016-01-01	2018-12-31	1
46	M	404618423.067725	79133427.0750559	48827860.0639631	2016-01-01	2018-12-31	1
47	N	692069448.518922	147684936.479977	60618200.5259034	2016-01-01	2018-12-31	1
48	P	699512700.413443	136371786.977109	76962991.1268765	2016-01-01	2018-12-31	1
49	Q	398134749.624699	91170111.1046585	64421332.992031	2016-01-01	2018-12-31	1
50	R	56547622.9415386	26033654.2893211	17365817.5933123	2016-01-01	2018-12-31	1
51	S	59171636.9756665	14532002.3142578	7255599.4976767	2016-01-01	2018-12-31	1
52	B	500075973.270223	76506147.6480534	177343047.049697	2016-01-01	2018-12-31	1
53	C	2613945362.75684	563073890.455013	708172924.623464	2016-01-01	2018-12-31	1
54	D	295428730.666667	71827060.6388889	80262587.5555556	2016-01-01	2018-12-31	1
55	E	143438011.847483	27141238.0809751	13920658.8919515	2016-01-01	2018-12-31	1
56	F	584292872.155805	116123360.799877	151820737.843164	2016-01-01	2018-12-31	1
57	G	2924210323.41776	595874633.572348	592920070.039546	2016-01-01	2018-12-31	1
58	H	507341855.155937	107154569.714446	116650670.626236	2016-01-01	2018-12-31	1
59	I	291209963.48599	62513317.6354067	36647108.6043057	2016-01-01	2018-12-31	1
60	J	504080065.014135	98901057.638312	102286192.53717	2016-01-01	2018-12-31	1
61	K	131588033.347418	28808407.7370892	31632397.0093897	2016-01-01	2018-12-31	1
62	L	63154749.3996915	15602942.421432	23575926.871834	2016-01-01	2018-12-31	1
63	M	404618423.067725	79133427.0750559	48827860.0639631	2016-01-01	2018-12-31	1
64	N	692069448.518922	147684936.479977	60618200.5259034	2016-01-01	2018-12-31	1
65	P	699512700.413443	136371786.977109	76962991.1268765	2016-01-01	2018-12-31	1
66	Q	398134749.624699	91170111.1046585	64421332.992031	2016-01-01	2018-12-31	1
67	R	56547622.9415386	26033654.2893211	17365817.5933123	2016-01-01	2018-12-31	1
68	S	59171636.9756665	14532002.3142578	7255599.4976767	2016-01-01	2018-12-31	1
\.


--
-- TOC entry 3367 (class 0 OID 16557)
-- Dependencies: 216
-- Data for Name: dim_seccion; Type: TABLE DATA; Schema: public; Owner: postgres
--

COPY public.dim_seccion (sk_seccion, pk_seccion, descripcion_seccion, valido_desde, valido_hasta, version) FROM stdin;
1	B	Explotacin de minas y canteras	2016-01-01	2018-12-31	1
2	C	Industrias manufactureras	2016-01-01	2018-12-31	1
3	D	Suministro de electricidad, gas, vapor y aire acondicionado	2016-01-01	2018-12-31	1
4	E	Distribucin de agua; alcantarillado, gestin de desechos y actividades de saneamiento	2016-01-01	2018-12-31	1
5	F	Construccin	2016-01-01	2018-12-31	1
6	G	Comercio al por mayor y al por menor; reparacin de vehculos automotores y motocicletas	2016-01-01	2018-12-31	1
7	H	Transporte y almacenamiento	2016-01-01	2018-12-31	1
8	I	Actividades de alojamiento y de servicio de comidas	2016-01-01	2018-12-31	1
9	J	Informacin y comunicacin	2016-01-01	2018-12-31	1
10	K	Actividades financieras y de seguros	2016-01-01	2018-12-31	1
11	L	Actividades inmobiliarias	2016-01-01	2018-12-31	1
12	M	Actividades profesionales, cientficas y tcnicas	2016-01-01	2018-12-31	1
13	N	Actividades de servicios administrativos y de apoyo	2016-01-01	2018-12-31	1
14	P	Enseanza	2016-01-01	2018-12-31	1
15	Q	Actividades de atencin de la salud humana y de asistencia social	2016-01-01	2018-12-31	1
16	R	Artes, entretenimiento y recreacin	2016-01-01	2018-12-31	1
17	S	Otras actividades de servicios	2016-01-01	2018-12-31	1
0	\N	\N	\N	\N	1
18	B	Explotacin de minas y canteras	2016-01-01	2018-12-31	1
19	C	Industrias manufactureras	2016-01-01	2018-12-31	1
20	D	Suministro de electricidad, gas, vapor y aire acondicionado	2016-01-01	2018-12-31	1
21	E	Distribucin de agua; alcantarillado, gestin de desechos y actividades de saneamiento	2016-01-01	2018-12-31	1
22	F	Construccin	2016-01-01	2018-12-31	1
23	G	Comercio al por mayor y al por menor; reparacin de vehculos automotores y motocicletas	2016-01-01	2018-12-31	1
24	H	Transporte y almacenamiento	2016-01-01	2018-12-31	1
25	I	Actividades de alojamiento y de servicio de comidas	2016-01-01	2018-12-31	1
26	J	Informacin y comunicacin	2016-01-01	2018-12-31	1
27	K	Actividades financieras y de seguros	2016-01-01	2018-12-31	1
28	L	Actividades inmobiliarias	2016-01-01	2018-12-31	1
29	M	Actividades profesionales, cientficas y tcnicas	2016-01-01	2018-12-31	1
30	N	Actividades de servicios administrativos y de apoyo	2016-01-01	2018-12-31	1
31	P	Enseanza	2016-01-01	2018-12-31	1
32	Q	Actividades de atencin de la salud humana y de asistencia social	2016-01-01	2018-12-31	1
33	R	Artes, entretenimiento y recreacin	2016-01-01	2018-12-31	1
34	S	Otras actividades de servicios	2016-01-01	2018-12-31	1
35	B	Explotacin de minas y canteras	2016-01-01	2018-12-31	1
36	C	Industrias manufactureras	2016-01-01	2018-12-31	1
37	D	Suministro de electricidad, gas, vapor y aire acondicionado	2016-01-01	2018-12-31	1
38	E	Distribucin de agua; alcantarillado, gestin de desechos y actividades de saneamiento	2016-01-01	2018-12-31	1
39	F	Construccin	2016-01-01	2018-12-31	1
40	G	Comercio al por mayor y al por menor; reparacin de vehculos automotores y motocicletas	2016-01-01	2018-12-31	1
41	H	Transporte y almacenamiento	2016-01-01	2018-12-31	1
42	I	Actividades de alojamiento y de servicio de comidas	2016-01-01	2018-12-31	1
43	J	Informacin y comunicacin	2016-01-01	2018-12-31	1
44	K	Actividades financieras y de seguros	2016-01-01	2018-12-31	1
45	L	Actividades inmobiliarias	2016-01-01	2018-12-31	1
46	M	Actividades profesionales, cientficas y tcnicas	2016-01-01	2018-12-31	1
47	N	Actividades de servicios administrativos y de apoyo	2016-01-01	2018-12-31	1
48	P	Enseanza	2016-01-01	2018-12-31	1
49	Q	Actividades de atencin de la salud humana y de asistencia social	2016-01-01	2018-12-31	1
50	B	Explotacin de minas y canteras	2016-01-01	2018-12-31	1
51	C	Industrias manufactureras	2016-01-01	2018-12-31	1
52	D	Suministro de electricidad, gas, vapor y aire acondicionado	2016-01-01	2018-12-31	1
53	E	Distribucin de agua; alcantarillado, gestin de desechos y actividades de saneamiento	2016-01-01	2018-12-31	1
54	F	Construccin	2016-01-01	2018-12-31	1
55	G	Comercio al por mayor y al por menor; reparacin de vehculos automotores y motocicletas	2016-01-01	2018-12-31	1
56	H	Transporte y almacenamiento	2016-01-01	2018-12-31	1
57	I	Actividades de alojamiento y de servicio de comidas	2016-01-01	2018-12-31	1
58	J	Informacin y comunicacin	2016-01-01	2018-12-31	1
59	K	Actividades financieras y de seguros	2016-01-01	2018-12-31	1
60	L	Actividades inmobiliarias	2016-01-01	2018-12-31	1
61	M	Actividades profesionales, cientficas y tcnicas	2016-01-01	2018-12-31	1
62	N	Actividades de servicios administrativos y de apoyo	2016-01-01	2018-12-31	1
63	P	Enseanza	2016-01-01	2018-12-31	1
64	Q	Actividades de atencin de la salud humana y de asistencia social	2016-01-01	2018-12-31	1
65	R	Artes, entretenimiento y recreacin	2016-01-01	2018-12-31	1
66	S	Otras actividades de servicios	2016-01-01	2018-12-31	1
\.


--
-- TOC entry 3368 (class 0 OID 16560)
-- Dependencies: 217
-- Data for Name: fact_recopilatorio_inec; Type: TABLE DATA; Schema: public; Owner: postgres
--

COPY public.fact_recopilatorio_inec (sk_seccion, sk_empresas_sec, sk_personal_sec, sk_remuneraciones_sec, sk_produccion_sec, sk_consumo_sec, sk_electricidad_sec, sk_relacion_sec, produccion_total, total_sueldos_noviembre, total_gasto_aporte_seguridadsocial, total_construcciones_activos_fijos_cuenta_propia, total_insumos, valor_total_energia_electrica) FROM stdin;
50	52	52	52	52	52	52	52	11327056841.489262	44491886.11779404	89324520.07738692	14865337.623647038	553191945.2750299	384692465.0910672
51	53	53	53	53	53	53	53	33404677037.34128	218227408.6518176	503599964.020676	307047711.70739883	20057869655.312325	382940683.97694093
52	54	54	54	54	54	54	54	3252680814.0277777	26810133.5	56150543.94444444	297544713	951107649.7777778	7672319.334741295
53	55	55	55	55	55	55	55	904745326.8207767	13139084.62183021	24118117.27563396	68866155	72789467.22038467	16505046.139378512
54	56	56	56	56	56	56	56	4773848829.208885	46231599.38108965	106546466.40321931	38075917.23510318	1729468264.6519928	6642358.918322825
55	57	57	57	57	57	57	57	14110805084.568832	247597697.6969878	546596951.0006974	61735856.130159646	730561350.2790536	98464868.41473316
56	58	58	58	58	58	58	58	4951539596.120493	43258777.873824865	93486574.44797143	33358624.131884832	143729593.20463893	28166726.957288746
57	59	59	59	59	59	59	59	1683555609.2270951	27702139.38102397	58269461.911428116	23393011	631160452.4163424	21844893.42026699
58	60	60	60	60	60	60	60	4747508695.921604	42361523.81360203	96156091.81128134	18072399.58935703	316878024.5258966	36802687.59148464
59	61	61	61	61	61	61	61	2613607372.99061	10900873.169014085	26932453.784037556	260658	10913271.178403756	1399066.4272300468
60	62	62	62	62	62	62	62	984031337.4543096	5447195.632250908	11653269.464260641	4877542.461538461	161453664.54326946	6542131.256464953
61	63	63	63	63	63	63	63	2284427849.2562256	32578103.105311584	73131610.91368696	806836	486780974.2220221	4938239.977185024
62	64	64	64	64	64	64	64	2020111072.1289618	62392799.413329095	136767426.5378959	517426	95158938.3102337	4176756.085014105
63	65	65	65	65	65	65	65	1802759066.726708	60950217.55390052	132197884.5656888	23058981.294902712	43687982.85266944	12184440.112652289
64	66	66	66	66	66	66	66	1963616800.5068257	33917695.68627991	76026139.94327442	8912565.000316624	594820494.0816652	12163964.205085417
65	67	67	67	67	67	67	67	295745213.40773976	4906526.646488749	9493764.919853723	6404310.657607059	27501764.30045649	2951265.604802307
66	68	68	68	68	68	68	68	235779452.43653718	4766001.584128152	11648008.691733927	1983138.7790413306	32840293.769992676	1971712.5244558582
\.


--
-- TOC entry 3196 (class 2606 OID 16564)
-- Name: dim_consumo_sec pk_dim_cosumo_sec; Type: CONSTRAINT; Schema: public; Owner: postgres
--

ALTER TABLE ONLY public.dim_consumo_sec
    ADD CONSTRAINT pk_dim_cosumo_sec PRIMARY KEY (sk_consumo_sec);


--
-- TOC entry 3198 (class 2606 OID 16566)
-- Name: dim_electricidad_sec pk_dim_electricidad_sec; Type: CONSTRAINT; Schema: public; Owner: postgres
--

ALTER TABLE ONLY public.dim_electricidad_sec
    ADD CONSTRAINT pk_dim_electricidad_sec PRIMARY KEY (sk_electricidad_sec);


--
-- TOC entry 3200 (class 2606 OID 16568)
-- Name: dim_empresas_sec pk_dim_empresas_sec; Type: CONSTRAINT; Schema: public; Owner: postgres
--

ALTER TABLE ONLY public.dim_empresas_sec
    ADD CONSTRAINT pk_dim_empresas_sec PRIMARY KEY (sk_empresas_sec);


--
-- TOC entry 3202 (class 2606 OID 16570)
-- Name: dim_personal_sec pk_dim_personal_sec; Type: CONSTRAINT; Schema: public; Owner: postgres
--

ALTER TABLE ONLY public.dim_personal_sec
    ADD CONSTRAINT pk_dim_personal_sec PRIMARY KEY (sk_personal_sec);


--
-- TOC entry 3204 (class 2606 OID 16572)
-- Name: dim_produccion_sec pk_dim_produccion_sec; Type: CONSTRAINT; Schema: public; Owner: postgres
--

ALTER TABLE ONLY public.dim_produccion_sec
    ADD CONSTRAINT pk_dim_produccion_sec PRIMARY KEY (sk_produccion_sec);


--
-- TOC entry 3206 (class 2606 OID 16574)
-- Name: dim_relacion_sec pk_dim_relacion_sec; Type: CONSTRAINT; Schema: public; Owner: postgres
--

ALTER TABLE ONLY public.dim_relacion_sec
    ADD CONSTRAINT pk_dim_relacion_sec PRIMARY KEY (sk_relacion_sec);


--
-- TOC entry 3208 (class 2606 OID 16576)
-- Name: dim_remuneraciones_sec pk_dim_remuneraciones_sec; Type: CONSTRAINT; Schema: public; Owner: postgres
--

ALTER TABLE ONLY public.dim_remuneraciones_sec
    ADD CONSTRAINT pk_dim_remuneraciones_sec PRIMARY KEY (sk_remuneraciones_sec);


--
-- TOC entry 3210 (class 2606 OID 16578)
-- Name: dim_seccion pk_dim_seccion; Type: CONSTRAINT; Schema: public; Owner: postgres
--

ALTER TABLE ONLY public.dim_seccion
    ADD CONSTRAINT pk_dim_seccion PRIMARY KEY (sk_seccion);


--
-- TOC entry 3212 (class 2606 OID 16580)
-- Name: fact_recopilatorio_inec pk_fact_recopilatorio_inec; Type: CONSTRAINT; Schema: public; Owner: postgres
--

ALTER TABLE ONLY public.fact_recopilatorio_inec
    ADD CONSTRAINT pk_fact_recopilatorio_inec PRIMARY KEY (sk_seccion, sk_empresas_sec, sk_personal_sec, sk_remuneraciones_sec, sk_produccion_sec, sk_consumo_sec, sk_electricidad_sec, sk_relacion_sec);


--
-- TOC entry 3213 (class 2606 OID 16581)
-- Name: fact_recopilatorio_inec dim_cosumo_sec_fact_recopilatorio_inec_fk; Type: FK CONSTRAINT; Schema: public; Owner: postgres
--

ALTER TABLE ONLY public.fact_recopilatorio_inec
    ADD CONSTRAINT dim_cosumo_sec_fact_recopilatorio_inec_fk FOREIGN KEY (sk_consumo_sec) REFERENCES public.dim_consumo_sec(sk_consumo_sec);


--
-- TOC entry 3214 (class 2606 OID 16586)
-- Name: fact_recopilatorio_inec dim_electricidad_sec_fact_recopilatorio_inec_fk; Type: FK CONSTRAINT; Schema: public; Owner: postgres
--

ALTER TABLE ONLY public.fact_recopilatorio_inec
    ADD CONSTRAINT dim_electricidad_sec_fact_recopilatorio_inec_fk FOREIGN KEY (sk_electricidad_sec) REFERENCES public.dim_electricidad_sec(sk_electricidad_sec);


--
-- TOC entry 3215 (class 2606 OID 16591)
-- Name: fact_recopilatorio_inec dim_empresas_sec_fact_recopilatorio_inec_fk; Type: FK CONSTRAINT; Schema: public; Owner: postgres
--

ALTER TABLE ONLY public.fact_recopilatorio_inec
    ADD CONSTRAINT dim_empresas_sec_fact_recopilatorio_inec_fk FOREIGN KEY (sk_empresas_sec) REFERENCES public.dim_empresas_sec(sk_empresas_sec);


--
-- TOC entry 3216 (class 2606 OID 16596)
-- Name: fact_recopilatorio_inec dim_personal_sec_fact_recopilatorio_inec_fk; Type: FK CONSTRAINT; Schema: public; Owner: postgres
--

ALTER TABLE ONLY public.fact_recopilatorio_inec
    ADD CONSTRAINT dim_personal_sec_fact_recopilatorio_inec_fk FOREIGN KEY (sk_personal_sec) REFERENCES public.dim_personal_sec(sk_personal_sec);


--
-- TOC entry 3217 (class 2606 OID 16601)
-- Name: fact_recopilatorio_inec dim_produccion_sec_fact_recopilatorio_inec_fk; Type: FK CONSTRAINT; Schema: public; Owner: postgres
--

ALTER TABLE ONLY public.fact_recopilatorio_inec
    ADD CONSTRAINT dim_produccion_sec_fact_recopilatorio_inec_fk FOREIGN KEY (sk_produccion_sec) REFERENCES public.dim_produccion_sec(sk_produccion_sec);


--
-- TOC entry 3218 (class 2606 OID 16606)
-- Name: fact_recopilatorio_inec dim_relacion_sec_fact_recopilatorio_inec_fk; Type: FK CONSTRAINT; Schema: public; Owner: postgres
--

ALTER TABLE ONLY public.fact_recopilatorio_inec
    ADD CONSTRAINT dim_relacion_sec_fact_recopilatorio_inec_fk FOREIGN KEY (sk_relacion_sec) REFERENCES public.dim_relacion_sec(sk_relacion_sec);


--
-- TOC entry 3219 (class 2606 OID 16611)
-- Name: fact_recopilatorio_inec dim_remuneraciones_sec_fact_recopilatorio_inec_fk; Type: FK CONSTRAINT; Schema: public; Owner: postgres
--

ALTER TABLE ONLY public.fact_recopilatorio_inec
    ADD CONSTRAINT dim_remuneraciones_sec_fact_recopilatorio_inec_fk FOREIGN KEY (sk_remuneraciones_sec) REFERENCES public.dim_remuneraciones_sec(sk_remuneraciones_sec);


--
-- TOC entry 3220 (class 2606 OID 16616)
-- Name: fact_recopilatorio_inec dim_seccion_fact_recopilatorio_inec_fk; Type: FK CONSTRAINT; Schema: public; Owner: postgres
--

ALTER TABLE ONLY public.fact_recopilatorio_inec
    ADD CONSTRAINT dim_seccion_fact_recopilatorio_inec_fk FOREIGN KEY (sk_seccion) REFERENCES public.dim_seccion(sk_seccion);


-- Completed on 2022-06-22 17:31:43

--
-- PostgreSQL database dump complete
--

